<?xml version="1.0" encoding="UTF-8"?>
<project-private xmlns="http://www.netbeans.org/ns/project-private/1">
    <editor-bookmarks xmlns="http://www.netbeans.org/ns/editor-bookmarks/2" lastBookmarkId="0"/>
    <open-files xmlns="http://www.netbeans.org/ns/projectui-open-files/2">
        <group>
            <file>file:/C:/Users/Acer-nitro/Desktop/Cafeteria%20Systemshasi/Cafeteria%20System-war/web/WEB-INF/customer/Customer_Header.jsp</file>
            <file>file:/C:/Users/Acer-nitro/Desktop/Cafeteria%20Systemshasi/Cafeteria%20System-war/web/WEB-INF/customer/Customer_History.jsp</file>
            <file>file:/C:/Users/Acer-nitro/Desktop/Cafeteria%20Systemshasi/Cafeteria%20System-war/web/WEB-INF/stall/Stall_Profile.jsp</file>
            <file>file:/C:/Users/Acer-nitro/Desktop/Cafeteria%20Systemshasi/Cafeteria%20System-war/web/WEB-INF/customer/Customer_Profile.jsp</file>
            <file>file:/C:/Users/Acer-nitro/Desktop/Cafeteria%20Systemshasi/Cafeteria%20System-war/web/WEB-INF/stall/Stall_Header.jsp</file>
            <file>file:/C:/Users/Acer-nitro/Desktop/Cafeteria%20Systemshasi/Cafeteria%20System-war/web/WEB-INF/manager/Manager_Register.jsp</file>
            <file>file:/C:/Users/Acer-nitro/Desktop/Cafeteria%20Systemshasi/Cafeteria%20System-war/web/WEB-INF/manager/Manager_Home.jsp</file>
            <file>file:/C:/Users/Acer-nitro/Desktop/Cafeteria%20Systemshasi/Cafeteria%20System-war/web/WEB-INF/manager/Manager_Profile.jsp</file>
            <file>file:/C:/Users/Acer-nitro/Desktop/Cafeteria%20Systemshasi/Cafeteria%20System-war/web/WEB-INF/stall/Stall_Receipt.jsp</file>
            <file>file:/C:/Users/Acer-nitro/Desktop/Cafeteria%20Systemshasi/Cafeteria%20System-war/web/WEB-INF/stall/Stall_Register.jsp</file>
            <file>file:/C:/Users/Acer-nitro/Desktop/Cafeteria%20Systemshasi/Cafeteria%20System-war/web/WEB-INF/manager/Manager_Stall.jsp</file>
            <file>file:/C:/Users/Acer-nitro/Desktop/Cafeteria%20Systemshasi/Cafeteria%20System-war/web/WEB-INF/stall/Stall_Home.jsp</file>
            <file>file:/C:/Users/Acer-nitro/Desktop/Cafeteria%20Systemshasi/Cafeteria%20System-war/web/WEB-INF/customer/Customer_Home.jsp</file>
            <file>file:/C:/Users/Acer-nitro/Desktop/Cafeteria%20Systemshasi/Cafeteria%20System-war/web/WEB-INF/customer/Customer_Register.jsp</file>
            <file>file:/C:/Users/Acer-nitro/Desktop/Cafeteria%20Systemshasi/Cafeteria%20System-war/web/WEB-INF/customer/Customer_Cart.jsp</file>
            <file>file:/C:/Users/Acer-nitro/Desktop/Cafeteria%20Systemshasi/Cafeteria%20System-war/web/style.css</file>
            <file>file:/C:/Users/Acer-nitro/Desktop/Cafeteria%20Systemshasi/Cafeteria%20System-war/web/WEB-INF/manager/Manager_Header.jsp</file>
            <file>file:/C:/Users/Acer-nitro/Desktop/Cafeteria%20Systemshasi/Cafeteria%20System-war/web/WEB-INF/manager/Manager_Detail.jsp</file>
            <file>file:/C:/Users/Acer-nitro/Desktop/Cafeteria%20Systemshasi/Cafeteria%20System-war/web/WEB-INF/stall/Stall_Menu.jsp</file>
            <file>file:/C:/Users/Acer-nitro/Desktop/Cafeteria%20Systemshasi/Cafeteria%20System-war/web/WEB-INF/manager/Manager_Customer.jsp</file>
        </group>
    </open-files>
</project-private>
